ingredient_name,ingredient_price,ingredient_category,,ingredient_supplier,
Sunflower kernels kg,6.2,drygoods,,Waverly WholeSale,
Pumpkin Seeds kg,14.95,drygoods,,Two Providores,
,,,,,
Sesamee  Black - Fruitex 1kg,9.75,drygoods,,Two Providores,
Sesamee  Black white - Galaxy 1kg,6.5,drygoods,,Two Providores,
Pine Nuts Medium 1kg,37.45,drygoods,,Two Providores,
,,,,,
,,,,,
,,,,,
,,,,,
,,,,,
,,,,,
,,,,,
,,,,,
,,,,,
,,,,,
,,,,,
,,,,,
,,,,,
,,,,,
,,,,,
,,,,,
,,,,,
,,,,,
,,,,,
,,,,,
,,,,,
,,,,,
,,,,,
,,,,,
,,,,,
,,,,,
,,,,,
,,,,,
,,,,,
,,,,,
,,,,,
,,,,,
,,,,,
,,,,,
,,,,,
,,,,,
,,,,,
,,,,,
,,,,,
,,,,,
,,,,,
,,,,,
,,,,,
,,,,,
,,,,,
,,,,,
,,,,,
,,,,,
,,,,,
,,,,,
,,,,,
,,,,,
,,,,,
,,,,,
,,,,,
,,,,,
,,,,,
,,,,,
,,,,,
,,,,,
,,,,,
,,,,,
,,,,,
,,,,,
,,,,,
,,,,,
,,,,,
,,,,,
,,,,,
,,,,,
,,,,,
,,,,,
,,,,,
,,,,,
,,,,,
,,,,,
,,,,,
,,,,,
,,,,,
,,,,,
,,,,,
,,,,,
,,,,,
,,,,,
,,,,,
,,,,,
,,,,,
,,,,,
,,,,,
,,,,,
,,,,,
,,,,,
,,,,,
,,,,,
,,,,,
,,,,,
,,,,,
,,,,,
,,,,,
,,,,,
,,,,,
,,,,,
,,,,,
,,,,,
,,,,,
,,,,,
,,,,,
,,,,,
,,,,,
Bi Carb of Soda 1kg,4,drygoods,,Two Providores,
Cardamon gnd  -KrioKrush - 500,24.25,drygoods,,Two Providores,
All Spice Ground 500g,13.05,drygoods,,Two Providores,
Ginger Ground 500g,11,drygoods,,Two Providores,
water crackers 125gm,2,drygoods,,Two Providores,
Polenta Instant 500g,3.5,drygoods,,Two Providores,
Girgar Butter Unsalted 1.5kg,17.45,drygoods,,Two Providores,
Artichokes Marinated Jar 1.9kg,13.15,drygoods,,Two Providores,
manchego,28.5,drygoods,,Two Providores,
polenta 1kg,3.85,drygoods,,Two Providores,
SMOKED TROUT - EUROPA,25.8,drygoods,,Two Providores,
Vinegar - Apple Cider 5L,12.75,drygoods,,Two Providores,
Coconut Oil Purified Deodorized 20L -Pacific Organics-,140,drygoods,,Two Providores,
Maple Syrup 1lt  ORGANIC - Ecocert Canada,20,drygoods,,Two Providores,
Apple Cider Vinegar 12x750ml - Coral Tree-,102,drygoods,,Two Providores,
Almond Meal Natural 1kg - Organic Road-,28.75,drygoods,,Two Providores,
Cacao Powder RAW 1kg,19.5,drygoods,,Two Providores,
Barley Pearled 500g - Kialla,2.69,drygoods,,Two Providores,
Amaranth Flour 15kg - Bio Latina-,82.5,drygoods,,Two Providores,
Quinoa Tri-Colour 25kg - Pacific Organics-,187.5,drygoods,,Two Providores,
Himalayan Salt - FINE 350g --Organic Road-,2.75,drygoods,,Two Providores,
Pacific Sea Salt 450g NATURAL,2.75,drygoods,,Two Providores,
Muesli Gluten Free 5kg,95.4,drygoods,,Two Providores,
Baking Powder 250g Gluten/Alumi Free,4.58,drygoods,,Two Providores,
buckwheat hulled 25kg,75,drygoods,,Two Providores,
quinoa puffs 5kg,95,drygoods,,Two Providores,
Wild  Cacao Granola - fino foods ,22,drygoods,,Two Providores,
organic tamari 10L,9.1,drygoods,,Fino Foods,
nori 10pkt 25gm,9.1,drygoods,,Spiral Foods,